<?xml version="1.0" encoding="UTF-8"?>
<project-private xmlns="http://www.netbeans.org/ns/project-private/1">
    <editor-bookmarks xmlns="http://www.netbeans.org/ns/editor-bookmarks/2" lastBookmarkId="0"/>
    <open-files xmlns="http://www.netbeans.org/ns/projectui-open-files/2">
        <group>
            <file>file:/C:/Users/João%20Víctor/Documents/Projetos%20de%20TP1/JoaoAtacadao/src/joaoatacadao/BancoDeDados.java</file>
            <file>file:/C:/Users/João%20Víctor/Documents/Projetos%20de%20TP1/JoaoAtacadao/src/joaoatacadao/ItemPedido.java</file>
            <file>file:/C:/Users/João%20Víctor/Documents/Projetos%20de%20TP1/JoaoAtacadao/src/telas/Caixa.java</file>
        </group>
    </open-files>
</project-private>
